Workbook

Sheet All
A1: Company Code:
B2: NEW Rate | C2: Item Code | D2: Item Description (SALES) | E2: Item Description (SYSTEM)
C3: =VLOOKUP(D3,MASTER!$A$2:$B$500,2,FALSE) -> ABOTRH | D3: ABO Typing with Rh | E3: ABO Typing with Rh
C4: =VLOOKUP(D4,MASTER!$A$2:$B$500,2,FALSE) -> PAP | D4: Acid Phosphatase, Prostatic | E4: Prostatic Acid Phosphatase (PAP)
C5: =VLOOKUP(D5,MASTER!$A$2:$B$500,2,FALSE) -> TTLACP | D5: Acid Phosphatase, Total | E5: TOTAL ACP
C6: =VLOOKUP(D6,MASTER!$A$2:$B$500,2,FALSE) -> AFBS | D6: Acid Fast Bacilli Stain | E6: AFB (Acid Fast Bacilli stain)
C7: =VLOOKUP(D7,MASTER!$A$2:$B$500,2,FALSE) -> ALT | D7: Alanine Aminotransferase (ALT/SGPT) | E7: Alanine Aminotransferase (ALT/SGPT)
C8: =VLOOKUP(D8,MASTER!$A$2:$B$500,2,FALSE) -> RAL | D8: Albumin | E8: Albumin
C9: =VLOOKUP(D9,MASTER!$A$2:$B$500,2,FALSE) -> ALKP | D9: Alkaline Phosphatase | E9: Alkaline Phosphatase
C10: =VLOOKUP(D10,MASTER!$A$2:$B$500,2,FALSE) -> AFP | D10: Alpha Fetoprotein | E10: Alpha feto-protein (AFP)
C11: =VLOOKUP(D11,MASTER!$A$2:$B$500,2,FALSE) -> AMY | D11: Amylase | E11: Amylase
C12: =VLOOKUP(D12,MASTER!$A$2:$B$500,2,FALSE) -> RAMH | D12: Anti-Mullerian Hormone | E12: Anti-Mullerian Hormone (AMH)
C13: =VLOOKUP(D13,MASTER!$A$2:$B$500,2,FALSE) -> ANA | D13: ANA | E13: Anti-Nuclear Antibody (ANA)
C14: =VLOOKUP(D14,MASTER!$A$2:$B$500,2,FALSE) -> ASO | D14: Anti-Streptolysin O | E14: Anti-Streptolysin O (ASO)
... C28: =VLOOKUP(D28,MASTER!$A$2:$B$500,2,FALSE) -> RCH | D28: Chloride | E28: Chloride
C29: =VLOOKUP(D29,MASTER!$A$2:$B$500,2,FALSE) -> 0 | D29: Complete Blood Count
C30: =VLOOKUP(D30,MASTER!$A$2:$B$500,2,FALSE) -> CBCPC | D30: Complete Blood Count with Platelet Count | E30: Complete Blood Count with Platelet Count
C31: =VLOOKUP(D31,MASTER!$A$2:$B$500,2,FALSE) -> CORSOL | D31: Cortisol | E31: Cortisol
C32: =VLOOKUP(D32,MASTER!$A$2:$B$500,2,FALSE) -> CPKT | D32: CPK, Total | E32: Creatine Kinase, Total
C33: =VLOOKUP(D33,MASTER!$A$2:$B$500,2,FALSE) -> CKMB | D33: CPK-MB | E33: Creatine Kinase, MB
C34: =VLOOKUP(D34,MASTER!$A$2:$B$500,2,FALSE) -> CPKMM | D34: CPK-MM | E34: Creatine Kinase, MM
C35: =VLOOKUP(D35,MASTER!$A$2:$B$500,2,FALSE) -> RCRP | D35: C-Reactive Protein, High Sensitivity (hsCRP) | E35: C-Reactive Protein, High Sensitivity (hsCRP)
C36: =VLOOKUP(D36,MASTER!$A$2:$B$500,2,FALSE) -> CREA | D36: Creatinine | E36: Creatinine
C37: =VLOOKUP(D37,MASTER!$A$2:$B$500,2,FALSE) -> RCC | D37: Creatinine Clearance | E37: Creatinine Clearance
C38: =VLOOKUP(D38,MASTER!$A$2:$B$500,2,FALSE) -> UCREA | D38: Creatinine, 24 Hour Urine | E38: Creatinine, Urine 24 hour
C39: =VLOOKUP(D39,MASTER!$A$2:$B$500,2,FALSE) -> RRCP | D39: Creatinine, Random Urine | E39: Random Urine Creatinine
C40: =VLOOKUP(D40,MASTER!$A$2:$B$500,2,FALSE) -> CSBARD | D40: Culture & Sensitivity, Blood with ARD | E40: Culture & Sensitivity, Blood with ARD
C41: =VLOOKUP(D41,MASTER!$A$2:$B$500,2,FALSE) -> CSU | D41: Culture & Sensitivity, Urine | E41: Culture & Sensitivity, Urine
... C159: =VLOOKUP(D159,MASTER!$A$2:$B$500,2,FALSE) -> VITD | D159: Vitamin D3 (25-OH) | E159: Vitamin D3(25-OH)

Sheet MASTER
A1: Test Name (SALES FORMAT) | B1: Item Code | C1: Item Description (SYSTEM)
A2: ABO Typing with Rh | B2: ABOTRH | C2: ABO Typing with Rh
A3: Acid Phosphatase, Prostatic | B3: PAP | C3: Prostatic Acid Phosphatase (PAP)
A4: Acid Phosphatase, Total | B4: TTLACP | C4: TOTAL ACP
A5: Acid Fast Bacilli Stain | B5: AFBS | C5: AFB (Acid Fast Bacilli stain)
A6: Alanine Aminotransferase (ALT/SGPT) | B6: ALT | C6: Alanine Aminotransferase (ALT/SGPT)
A7: Albumin | B7: RAL | C7: Albumin
A8: Alkaline Phosphatase | B8: ALKP | C8: Alkaline Phosphatase
A9: Alpha Fetoprotein | B9: AFP | C9: Alpha feto-protein (AFP)
A10: Amylase | B10: AMY | C10: Amylase
A11: Anti-Mullerian Hormone | B11: RAMH | C11: Anti-Mullerian Hormone (AMH)
A12: ANA | B12: ANA | C12: Anti-Nuclear Antibody (ANA)
... A27: Chloride | B27: RCH | C27: Chloride
A28: Complete Blood Count
A29: Complete Blood Count with Platelet Count | B29: CBCPC | C29: Complete Blood Count with Platelet Count
A30: Cortisol | B30: CORSOL | C30: Cortisol
A31: CPK, Total | B31: CPKT | C31: Creatine Kinase, Total
A32: CPK-MB | B32: CKMB | C32: Creatine Kinase, MB
A33: CPK-MM | B33: CPKMM | C33: Creatine Kinase, MM
A34: C-Reactive Protein, High Sensitivity (hsCRP) | B34: RCRP | C34: C-Reactive Protein, High Sensitivity (hsCRP)
A35: Creatinine | B35: CREA | C35: Creatinine
A36: Creatinine Clearance | B36: RCC | C36: Creatinine Clearance
A37: Creatinine, 24 Hour Urine | B37: UCREA | C37: Creatinine, Urine 24 hour
A38: Creatinine, Random Urine | B38: RRCP | C38: Random Urine Creatinine
A39: Culture & Sensitivity, Blood with ARD | B39: CSBARD | C39: Culture & Sensitivity, Blood with ARD
A40: Culture & Sensitivity, Urine | B40: CSU | C40: Culture & Sensitivity, Urine
... A158: Vitamin D3 (25-OH) | B158: VITD | C158: Vitamin D3(25-OH)
